,model,elapsed,mse
0,linstorch,0.029000043869018555,0.49104249477386475
1,linstorch,0.15097260475158691,0.2567903399467468
2,linstorch,0.019999980926513672,0.5636290311813354
3,linstorch,0.027999162673950195,0.5075230002403259
4,linstorch,0.04400157928466797,0.5091168880462646
5,linstorch,0.009998321533203125,0.3745867609977722
6,linstorch,0.01100015640258789,0.5934544205665588
7,linstorch,0.04199862480163574,0.5723386406898499
8,linstorch,0.018996477127075195,0.35155993700027466
9,linstorch,0.08999872207641602,0.580100417137146
10,linstorch,0.021973133087158203,0.4293728470802307
11,linstorch,0.03599977493286133,0.4674707055091858
12,linstorch,0.017998456954956055,0.5254308581352234
13,linstorch,0.03601956367492676,0.5949687361717224
14,linstorch,0.018000364303588867,0.35376614332199097
15,linstorch,0.007997751235961914,0.6491419672966003
16,linstorch,0.08797502517700195,0.45171937346458435
17,linstorch,0.05999755859375,0.5836176872253418
18,linstorch,0.029998064041137695,0.5523646473884583
19,linstorch,0.07202315330505371,0.3741365969181061
20,linstorch,0.011024713516235352,0.502069354057312
21,linstorch,0.04900026321411133,0.524462878704071
22,linstorch,0.017000675201416016,0.613067626953125
23,linstorch,0.05500173568725586,0.4860285818576813
24,linstorch,0.018021106719970703,0.6229349970817566
25,linstorch,0.09298968315124512,0.3385683000087738
26,linstorch,0.039009809494018555,0.5262885689735413
27,linstorch,0.06797623634338379,0.597711443901062
28,linstorch,0.11099958419799805,0.5511977672576904
29,linstorch,0.028026342391967773,0.5939363241195679
30,linstorch,0.00900125503540039,0.47360163927078247
31,linstorch,0.0370020866394043,0.5601180791854858
32,linstorch,0.019974231719970703,0.4156918525695801
33,linstorch,0.030999422073364258,0.32783421874046326
34,linstorch,0.05202794075012207,0.25584840774536133
35,linstorch,0.04200458526611328,0.42526334524154663
36,linstorch,0.007999181747436523,0.5545719861984253
37,linstorch,0.05599808692932129,0.5126476287841797
38,linstorch,0.01802539825439453,0.3935302197933197
39,linstorch,0.05797719955444336,0.6472172737121582
40,linstorch,0.052019596099853516,0.5522228479385376
41,linstorch,0.04102301597595215,0.3785960376262665
42,linstorch,0.09002399444580078,0.41765618324279785
43,linstorch,0.041998863220214844,0.45789554715156555
44,linstorch,0.029996395111083984,0.6367360949516296
45,linstorch,0.062027692794799805,0.5072195529937744
46,linstorch,0.00899648666381836,0.4316747188568115
47,linstorch,0.055023193359375,0.26881492137908936
48,linstorch,0.110992431640625,0.36141568422317505
49,linstorch,0.009998798370361328,0.5245101451873779
50,linstorch,0.08002734184265137,0.5596398711204529
51,linstorch,0.008999824523925781,0.5450770258903503
52,linstorch,0.009027242660522461,0.5799500942230225
53,linstorch,0.0449984073638916,0.5040571689605713
54,linstorch,0.06397438049316406,0.4195646345615387
55,linstorch,0.027001380920410156,0.32373273372650146
56,linstorch,0.037001609802246094,0.5067583322525024
57,linstorch,0.04097247123718262,0.5912242531776428
58,linstorch,0.009001016616821289,0.574043869972229
59,linstorch,0.009999990463256836,0.5069069266319275
60,linstorch,0.04499959945678711,0.4725836515426636
61,linstorch,0.055004119873046875,0.5469820499420166
62,linstorch,0.009031534194946289,0.5291268229484558
63,linstorch,0.0370028018951416,0.4845035970211029
64,linstorch,0.009024858474731445,0.4566692113876343
65,linstorch,0.10597753524780273,0.3475395739078522
66,linstorch,0.03999638557434082,0.5742194652557373
67,linstorch,0.1059720516204834,0.5285850167274475
68,linstorch,0.01802515983581543,0.5903946757316589
69,linstorch,0.01899886131286621,0.4888848066329956
70,linstorch,0.027003765106201172,0.4484013020992279
71,linstorch,0.00902414321899414,0.5587395429611206
72,linstorch,0.008973121643066406,0.5083364248275757
73,linstorch,0.0439753532409668,0.508280336856842
74,linstorch,0.04497647285461426,0.3099571764469147
75,linstorch,0.009021520614624023,0.3358406126499176
76,linstorch,0.009006261825561523,0.6105057001113892
77,linstorch,0.05299496650695801,0.3008333146572113
78,linstorch,0.03797578811645508,0.590569257736206
79,linstorch,0.037998199462890625,0.4137376546859741
80,linstorch,0.04000377655029297,0.4673784077167511
81,linstorch,0.040023088455200195,0.5327407717704773
82,linstorch,0.010003805160522461,0.5392768979072571
83,linstorch,0.06802535057067871,0.5691831111907959
84,linstorch,0.009976387023925781,0.5028226375579834
85,linstorch,0.03799629211425781,0.45395708084106445
86,linstorch,0.010001659393310547,0.5499185919761658
87,linstorch,0.061998605728149414,0.5464914441108704
88,linstorch,0.026000261306762695,0.621005654335022
89,linstorch,0.09797430038452148,0.551669180393219
90,linstorch,0.13200139999389648,0.5738604068756104
91,linstorch,0.016999483108520508,0.4945306181907654
92,linstorch,0.009026050567626953,0.32773005962371826
93,linstorch,0.03500199317932129,0.614019513130188
94,linstorch,0.01800084114074707,0.5339404344558716
95,linstorch,0.04400134086608887,0.6259191632270813
96,linstorch,0.02197742462158203,0.4630680978298187
97,linstorch,0.08102607727050781,0.46917977929115295
98,linstorch,0.011023998260498047,0.5112261772155762
99,linstorch,0.010000228881835938,0.36614173650741577
100,SGD1,0.012004613876342773,1.0937873125076294
101,SGD1,0.008997678756713867,0.9880658388137817
102,SGD1,0.008967399597167969,1.053704857826233
103,SGD1,0.008975028991699219,0.9807515144348145
104,SGD1,0.008022546768188477,1.2016594409942627
105,SGD1,0.008972883224487305,1.087992787361145
106,SGD1,0.008006095886230469,1.001391053199768
107,SGD1,0.007999658584594727,0.9141385555267334
108,SGD1,0.008003950119018555,0.9485061764717102
109,SGD1,0.007975339889526367,1.0792596340179443
110,SGD1,0.008992433547973633,0.9680083394050598
111,SGD1,0.008002519607543945,0.8540257215499878
112,SGD1,0.008996248245239258,1.123729944229126
113,SGD1,0.009353399276733398,1.0982532501220703
114,SGD1,0.00852823257446289,0.9119250774383545
115,SGD1,0.007973909378051758,0.9671168327331543
116,SGD1,0.007975578308105469,0.96202152967453
117,SGD1,0.009000778198242188,1.0564100742340088
118,SGD1,0.008973836898803711,0.8880509734153748
119,SGD1,0.00797128677368164,0.9657638669013977
120,SGD1,0.008022069931030273,0.989772617816925
121,SGD1,0.008003711700439453,1.0432435274124146
122,SGD1,0.008024930953979492,1.0220668315887451
123,SGD1,0.007977485656738281,0.9174178838729858
124,SGD1,0.008001565933227539,0.9914337396621704
125,SGD1,0.009000062942504883,1.0076799392700195
126,SGD1,0.00800013542175293,0.9463959336280823
127,SGD1,0.008025884628295898,1.0078773498535156
128,SGD1,0.007973432540893555,1.0903496742248535
129,SGD1,0.008025407791137695,1.048807978630066
130,SGD1,0.007977008819580078,1.0740952491760254
131,SGD1,0.008026361465454102,1.1179760694503784
132,SGD1,0.007998943328857422,0.9415062665939331
133,SGD1,0.008975028991699219,1.2308616638183594
134,SGD1,0.007998228073120117,0.9741252064704895
135,SGD1,0.008002281188964844,1.0851082801818848
136,SGD1,0.00897359848022461,1.1081187725067139
137,SGD1,0.007997751235961914,1.1029011011123657
138,SGD1,0.008000612258911133,1.107834815979004
139,SGD1,0.008000373840332031,1.0536143779754639
140,SGD1,0.007975578308105469,0.9091028571128845
141,SGD1,0.008028268814086914,0.9652077555656433
142,SGD1,0.007976055145263672,1.0432027578353882
143,SGD1,0.007973909378051758,1.054821252822876
144,SGD1,0.009002685546875,0.9806233048439026
145,SGD1,0.007999181747436523,0.962188720703125
146,SGD1,0.008026599884033203,0.956023097038269
147,SGD1,0.008026361465454102,1.0908647775650024
148,SGD1,0.008002758026123047,1.0443580150604248
149,SGD1,0.008023977279663086,1.0897655487060547
150,SGD1,0.007975578308105469,1.191506266593933
151,SGD1,0.007975101470947266,1.0241295099258423
152,SGD1,0.007972240447998047,0.9004805088043213
153,SGD1,0.00802469253540039,1.1387779712677002
154,SGD1,0.00797414779663086,1.015186071395874
155,SGD1,0.007972240447998047,0.8824810981750488
156,SGD1,0.008997440338134766,0.9499051570892334
157,SGD1,0.007999181747436523,0.9111183881759644
158,SGD1,0.007999658584594727,0.9893256425857544
159,SGD1,0.007970571517944336,0.9695111513137817
160,SGD1,0.00802469253540039,1.0056731700897217
161,SGD1,0.008975028991699219,0.9392223358154297
162,SGD1,0.008025884628295898,1.026789903640747
163,SGD1,0.007975339889526367,0.96124267578125
164,SGD1,0.008001089096069336,1.0680917501449585
165,SGD1,0.007973909378051758,1.2387586832046509
166,SGD1,0.00902867317199707,1.0261493921279907
167,SGD1,0.007973909378051758,1.2838020324707031
168,SGD1,0.008006572723388672,0.9796858429908752
169,SGD1,0.008026599884033203,1.1107242107391357
170,SGD1,0.008026123046875,0.9773565530776978
171,SGD1,0.008001327514648438,0.8370707035064697
172,SGD1,0.007996797561645508,1.081662893295288
173,SGD1,0.00897073745727539,1.108191728591919
174,SGD1,0.007999658584594727,0.9420214295387268
175,SGD1,0.007993936538696289,0.9415398836135864
176,SGD1,0.009003162384033203,0.9869499802589417
177,SGD1,0.008026123046875,0.9022938013076782
178,SGD1,0.008001565933227539,0.9967795610427856
179,SGD1,0.007999181747436523,0.9375330805778503
180,SGD1,0.007974624633789062,0.9683442115783691
181,SGD1,0.008998870849609375,0.9977931976318359
182,SGD1,0.008023977279663086,1.0286595821380615
183,SGD1,0.009001493453979492,0.9864662885665894
184,SGD1,0.007977485656738281,1.045687198638916
185,SGD1,0.008975505828857422,0.897284984588623
186,SGD1,0.011981725692749023,0.9726656079292297
187,SGD1,0.014000654220581055,1.1251581907272339
188,SGD1,0.009028196334838867,0.9812706112861633
189,SGD1,0.012999296188354492,0.8826268315315247
190,SGD1,0.007997274398803711,0.8482866287231445
191,SGD1,0.00799870491027832,0.9784601330757141
192,SGD1,0.008000373840332031,1.0918898582458496
193,SGD1,0.007999658584594727,1.009508490562439
194,SGD1,0.007999181747436523,0.8950042128562927
195,SGD1,0.008002996444702148,0.9499234557151794
196,SGD1,0.00800180435180664,1.079517126083374
197,SGD1,0.007997512817382812,1.0271393060684204
198,SGD1,0.00899958610534668,1.0879868268966675
199,SGD1,0.007999658584594727,1.0761319398880005
200,SGD2,0.01799750328063965,1.0159474611282349
201,SGD2,0.01702141761779785,0.8409845232963562
202,SGD2,0.016976356506347656,0.9046780467033386
203,SGD2,0.016999483108520508,0.8863301277160645
204,SGD2,0.01702713966369629,0.9751762747764587
205,SGD2,0.017000198364257812,0.9241859912872314
206,SGD2,0.01700282096862793,0.8705617785453796
207,SGD2,0.016001462936401367,0.8043496608734131
208,SGD2,0.01600027084350586,0.9095808863639832
209,SGD2,0.016973018646240234,1.0280381441116333
210,SGD2,0.016997814178466797,0.9205288290977478
211,SGD2,0.014998197555541992,0.9850119948387146
212,SGD2,0.016024112701416016,0.8687615394592285
213,SGD2,0.017008543014526367,0.9789705276489258
214,SGD2,0.017024755477905273,0.9868471622467041
215,SGD2,0.01600193977355957,0.7375714778900146
216,SGD2,0.016002655029296875,0.9371001720428467
217,SGD2,0.01697063446044922,1.0205974578857422
218,SGD2,0.017032861709594727,1.0357191562652588
219,SGD2,0.016000986099243164,1.034590721130371
220,SGD2,0.016000032424926758,1.0084495544433594
221,SGD2,0.01600050926208496,1.1619170904159546
222,SGD2,0.016005516052246094,1.1358613967895508
223,SGD2,0.015998363494873047,0.8590542674064636
224,SGD2,0.016978025436401367,0.9114012122154236
225,SGD2,0.016002893447875977,0.9818339943885803
226,SGD2,0.016974687576293945,1.029482126235962
227,SGD2,0.016998767852783203,0.9762908816337585
228,SGD2,0.018006086349487305,1.0798587799072266
229,SGD2,0.028995275497436523,0.9582725167274475
230,SGD2,0.021999359130859375,1.0118359327316284
231,SGD2,0.01999974250793457,1.056856393814087
232,SGD2,0.016000032424926758,1.0552772283554077
233,SGD2,0.01699972152709961,1.0673195123672485
234,SGD2,0.017002582550048828,0.9733513593673706
235,SGD2,0.015999317169189453,0.9230630993843079
236,SGD2,0.01704096794128418,0.9845583438873291
237,SGD2,0.017006397247314453,1.02253258228302
238,SGD2,0.019005537033081055,1.0708423852920532
239,SGD2,0.018018245697021484,0.8883079290390015
240,SGD2,0.016968727111816406,0.9367669820785522
241,SGD2,0.019000768661499023,0.9689512848854065
242,SGD2,0.01700615882873535,1.0971052646636963
243,SGD2,0.01699995994567871,1.003919005393982
244,SGD2,0.015976667404174805,0.9752823710441589
245,SGD2,0.01600337028503418,1.0160744190216064
246,SGD2,0.015999317169189453,1.028721570968628
247,SGD2,0.017018795013427734,0.943682074546814
248,SGD2,0.016016721725463867,0.7146960496902466
249,SGD2,0.017023324966430664,0.9580585360527039
250,SGD2,0.0159757137298584,1.0021940469741821
251,SGD2,0.01699995994567871,0.8395054936408997
252,SGD2,0.016971111297607422,1.0108669996261597
253,SGD2,0.017998695373535156,0.9768273234367371
254,SGD2,0.017994165420532227,1.0353572368621826
255,SGD2,0.01900005340576172,0.8189776539802551
256,SGD2,0.0180051326751709,0.9691547155380249
257,SGD2,0.016999006271362305,1.0609772205352783
258,SGD2,0.01699995994567871,0.9819932579994202
259,SGD2,0.018000364303588867,0.9204869270324707
260,SGD2,0.017995595932006836,1.1167198419570923
261,SGD2,0.01599407196044922,1.0619454383850098
262,SGD2,0.017004966735839844,0.8195683360099792
263,SGD2,0.017000436782836914,1.0653787851333618
264,SGD2,0.030001401901245117,1.0194079875946045
265,SGD2,0.021001815795898438,0.9808272123336792
266,SGD2,0.01899886131286621,0.9628961682319641
267,SGD2,0.017999887466430664,0.9858368039131165
268,SGD2,0.017000675201416016,1.0213277339935303
269,SGD2,0.0169980525970459,1.0562528371810913
270,SGD2,0.016999483108520508,0.98219895362854
271,SGD2,0.018999099731445312,0.9555743932723999
272,SGD2,0.017000675201416016,0.8481774926185608
273,SGD2,0.018000125885009766,0.8975265622138977
274,SGD2,0.01600027084350586,1.0971789360046387
275,SGD2,0.016999483108520508,0.9511394500732422
276,SGD2,0.017001867294311523,0.8350884318351746
277,SGD2,0.0169980525970459,0.8014202117919922
278,SGD2,0.018000125885009766,1.061918020248413
279,SGD2,0.015999794006347656,1.0566082000732422
280,SGD2,0.01600050926208496,1.0205868482589722
281,SGD2,0.0169985294342041,0.9517192244529724
282,SGD2,0.01699995994567871,0.8605564832687378
283,SGD2,0.017999649047851562,1.0930016040802002
284,SGD2,0.016001462936401367,1.0253208875656128
285,SGD2,0.01700115203857422,0.8692409992218018
286,SGD2,0.01600170135498047,1.0339744091033936
287,SGD2,0.016999244689941406,1.0218597650527954
288,SGD2,0.01699995994567871,0.8939275741577148
289,SGD2,0.018000364303588867,0.7947810292243958
290,SGD2,0.017000675201416016,0.8941006064414978
291,SGD2,0.01699995994567871,1.0364835262298584
292,SGD2,0.01699972152709961,1.0473508834838867
293,SGD2,0.016998767852783203,0.9936668872833252
294,SGD2,0.017000913619995117,0.9853264689445496
295,SGD2,0.019978761672973633,0.9441258311271667
296,SGD2,0.0169985294342041,0.92305588722229
297,SGD2,0.018000125885009766,0.9761867523193359
298,SGD2,0.01700115203857422,0.8996621370315552
299,SGD2,0.017000675201416016,1.0791877508163452
300,SGD3,0.028002500534057617,0.9293767809867859
301,SGD3,0.02599930763244629,0.9675717353820801
302,SGD3,0.02599787712097168,0.9798904657363892
303,SGD3,0.024997234344482422,0.8474845290184021
304,SGD3,0.02602696418762207,0.9094342589378357
305,SGD3,0.026024818420410156,0.9089946746826172
306,SGD3,0.025024890899658203,1.00091552734375
307,SGD3,0.025974273681640625,1.007599115371704
308,SGD3,0.02499699592590332,0.7935651540756226
309,SGD3,0.026000022888183594,0.7861458659172058
310,SGD3,0.02602529525756836,0.9789445996284485
311,SGD3,0.024999618530273438,0.8204697966575623
312,SGD3,0.026000499725341797,0.9449304938316345
313,SGD3,0.025000333786010742,0.9727551341056824
314,SGD3,0.0250241756439209,0.9116094708442688
315,SGD3,0.026025056838989258,1.0118597745895386
316,SGD3,0.02900075912475586,0.8234832286834717
317,SGD3,0.027022123336791992,0.9120410680770874
318,SGD3,0.025998353958129883,0.9708762168884277
319,SGD3,0.03099989891052246,0.8661829233169556
320,SGD3,0.028997182846069336,1.0188754796981812
321,SGD3,0.026000261306762695,0.7871729135513306
322,SGD3,0.027001142501831055,1.0779610872268677
323,SGD3,0.027999162673950195,0.9409291744232178
324,SGD3,0.0279996395111084,0.9019876718521118
325,SGD3,0.027999401092529297,1.016335368156433
326,SGD3,0.033000946044921875,0.9952122569084167
327,SGD3,0.029002666473388672,1.014905571937561
328,SGD3,0.02899909019470215,1.0240787267684937
329,SGD3,0.029000043869018555,0.9604337215423584
330,SGD3,0.027997732162475586,0.8396598100662231
331,SGD3,0.027998924255371094,0.7404024600982666
332,SGD3,0.02700042724609375,0.9486536979675293
333,SGD3,0.025999069213867188,0.9699585437774658
334,SGD3,0.026000261306762695,0.9636761546134949
335,SGD3,0.026000499725341797,1.0008807182312012
336,SGD3,0.02700066566467285,0.9428087472915649
337,SGD3,0.028001070022583008,0.8793703317642212
338,SGD3,0.028002262115478516,0.8250346779823303
339,SGD3,0.025998353958129883,1.0255424976348877
340,SGD3,0.027027606964111328,0.941658616065979
341,SGD3,0.027001142501831055,0.9596505761146545
342,SGD3,0.025999069213867188,0.7931057214736938
343,SGD3,0.025973081588745117,0.9803998470306396
344,SGD3,0.02599930763244629,0.9766223430633545
345,SGD3,0.024973392486572266,0.995177149772644
346,SGD3,0.02697300910949707,0.9644215703010559
347,SGD3,0.025025129318237305,0.8818299770355225
348,SGD3,0.02602386474609375,1.0261993408203125
349,SGD3,0.025972366333007812,0.9750863909721375
350,SGD3,0.0260012149810791,0.965080976486206
351,SGD3,0.027998685836791992,0.8586254119873047
352,SGD3,0.02700066566467285,0.9212192296981812
353,SGD3,0.02699875831604004,0.9363691806793213
354,SGD3,0.0260009765625,0.8389297723770142
355,SGD3,0.026000499725341797,1.0076088905334473
356,SGD3,0.02703094482421875,0.9572120904922485
357,SGD3,0.031012773513793945,0.8323919773101807
358,SGD3,0.026964664459228516,0.9138184189796448
359,SGD3,0.02499866485595703,0.6936830878257751
360,SGD3,0.028019428253173828,0.8657215237617493
361,SGD3,0.02798938751220703,0.9241554737091064
362,SGD3,0.028010129928588867,1.0070085525512695
363,SGD3,0.02700018882751465,0.69654780626297
364,SGD3,0.027025222778320312,0.9460874199867249
365,SGD3,0.027970552444458008,0.9349426031112671
366,SGD3,0.025643587112426758,1.039982557296753
367,SGD3,0.024999618530273438,0.986683189868927
368,SGD3,0.0280001163482666,0.9433460235595703
369,SGD3,0.026999950408935547,0.962561845779419
370,SGD3,0.02599787712097168,0.840972900390625
371,SGD3,0.026999950408935547,0.7713766098022461
372,SGD3,0.024996519088745117,0.948689341545105
373,SGD3,0.025003433227539062,0.7877203226089478
374,SGD3,0.02500128746032715,0.8557161092758179
375,SGD3,0.024998903274536133,0.7948543429374695
376,SGD3,0.026999950408935547,0.8872708678245544
377,SGD3,0.02502274513244629,0.9674145579338074
378,SGD3,0.0260009765625,1.0812227725982666
379,SGD3,0.025000572204589844,0.8545411229133606
380,SGD3,0.024999141693115234,0.9097037315368652
381,SGD3,0.02497410774230957,0.933220386505127
382,SGD3,0.026000499725341797,0.9447232484817505
383,SGD3,0.026000261306762695,0.946858286857605
384,SGD3,0.026000022888183594,0.913519024848938
385,SGD3,0.0260009765625,0.9091506004333496
386,SGD3,0.02499985694885254,1.0051642656326294
387,SGD3,0.02675771713256836,0.7748083472251892
388,SGD3,0.025377750396728516,0.9799442291259766
389,SGD3,0.027000904083251953,0.9151275753974915
390,SGD3,0.026000022888183594,0.864120602607727
391,SGD3,0.026971817016601562,1.025774359703064
392,SGD3,0.025999784469604492,1.0443603992462158
393,SGD3,0.02599930763244629,0.6002877950668335
394,SGD3,0.02520275115966797,0.8462847471237183
395,SGD3,0.02599787712097168,0.7855117917060852
396,SGD3,0.028001070022583008,0.7437248826026917
397,SGD3,0.029000520706176758,0.9114652872085571
398,SGD3,0.028999805450439453,0.8647747039794922
399,SGD3,0.025999784469604492,0.8353036642074585
400,Adagrad1,0.011000871658325195,0.7065078616142273
401,Adagrad1,0.009999275207519531,0.8996434211730957
402,Adagrad1,0.009999513626098633,0.763644278049469
403,Adagrad1,0.009000062942504883,0.7034477591514587
404,Adagrad1,0.008975028991699219,0.8838682770729065
405,Adagrad1,0.008968114852905273,0.6266505718231201
406,Adagrad1,0.009000778198242188,0.8006894588470459
407,Adagrad1,0.009027957916259766,0.793558657169342
408,Adagrad1,0.00997781753540039,0.8963015079498291
409,Adagrad1,0.010000228881835938,0.928496778011322
410,Adagrad1,0.009998798370361328,0.8730800747871399
411,Adagrad1,0.010000467300415039,0.6947470903396606
412,Adagrad1,0.01099538803100586,0.8662609457969666
413,Adagrad1,0.010001897811889648,0.8614504933357239
414,Adagrad1,0.009001016616821289,0.7905192971229553
415,Adagrad1,0.010001420974731445,0.9286584854125977
416,Adagrad1,0.010001659393310547,0.8265211582183838
417,Adagrad1,0.009998798370361328,0.926231861114502
418,Adagrad1,0.009999275207519531,0.7333638668060303
419,Adagrad1,0.011000633239746094,0.6896053552627563
420,Adagrad1,0.012001276016235352,0.8130497932434082
421,Adagrad1,0.008996963500976562,0.8850647807121277
422,Adagrad1,0.010001420974731445,0.6765354871749878
423,Adagrad1,0.009998083114624023,0.8897846937179565
424,Adagrad1,0.010999679565429688,0.8041333556175232
425,Adagrad1,0.010002613067626953,0.8285089135169983
426,Adagrad1,0.00999903678894043,0.6698011159896851
427,Adagrad1,0.010000228881835938,1.0566833019256592
428,Adagrad1,0.010001897811889648,0.8792462944984436
429,Adagrad1,0.00999760627746582,0.6268703937530518
430,Adagrad1,0.010001182556152344,0.8882655501365662
431,Adagrad1,0.011000871658325195,0.7463120818138123
432,Adagrad1,0.009999513626098633,0.8807681798934937
433,Adagrad1,0.010003328323364258,0.7921321392059326
434,Adagrad1,0.010999917984008789,0.7417803406715393
435,Adagrad1,0.01000356674194336,0.8685510158538818
436,Adagrad1,0.00997471809387207,0.8377171754837036
437,Adagrad1,0.009994745254516602,0.77199786901474
438,Adagrad1,0.01000213623046875,0.6393089890480042
439,Adagrad1,0.01000070571899414,0.7716667652130127
440,Adagrad1,0.01000070571899414,0.7001491785049438
441,Adagrad1,0.009999990463256836,0.8164505958557129
442,Adagrad1,0.008999824523925781,0.7686410546302795
443,Adagrad1,0.009000062942504883,0.9289546012878418
444,Adagrad1,0.009999990463256836,0.8838133811950684
445,Adagrad1,0.008999824523925781,0.8319132924079895
446,Adagrad1,0.011004924774169922,0.8116245865821838
447,Adagrad1,0.009995698928833008,0.9538255333900452
448,Adagrad1,0.010000944137573242,0.753028154373169
449,Adagrad1,0.01000070571899414,0.7864052653312683
450,Adagrad1,0.010000467300415039,0.6994829773902893
451,Adagrad1,0.008999824523925781,0.8204585313796997
452,Adagrad1,0.009999752044677734,1.003697156906128
453,Adagrad1,0.009000539779663086,0.9851706624031067
454,Adagrad1,0.009999275207519531,0.8091732263565063
455,Adagrad1,0.00900125503540039,0.624225914478302
456,Adagrad1,0.011003494262695312,0.9250180721282959
457,Adagrad1,0.011003732681274414,1.0231894254684448
458,Adagrad1,0.01100015640258789,0.8192281723022461
459,Adagrad1,0.012000560760498047,0.797325849533081
460,Adagrad1,0.00999760627746582,0.796811044216156
461,Adagrad1,0.011001110076904297,0.755408763885498
462,Adagrad1,0.011003971099853516,0.87071692943573
463,Adagrad1,0.020000696182250977,0.9888256192207336
464,Adagrad1,0.018999099731445312,0.9640041589736938
465,Adagrad1,0.012999296188354492,0.9237396121025085
466,Adagrad1,0.008997440338134766,0.8100488781929016
467,Adagrad1,0.010001182556152344,1.0233725309371948
468,Adagrad1,0.009999990463256836,0.7739825248718262
469,Adagrad1,0.00899958610534668,0.8674243688583374
470,Adagrad1,0.009000301361083984,0.8887921571731567
471,Adagrad1,0.009000062942504883,0.939401388168335
472,Adagrad1,0.010999679565429688,0.8220868706703186
473,Adagrad1,0.00999903678894043,1.012515664100647
474,Adagrad1,0.010000228881835938,0.7337680459022522
475,Adagrad1,0.008999347686767578,0.837669312953949
476,Adagrad1,0.01100015640258789,0.7223079204559326
477,Adagrad1,0.00999903678894043,1.0182827711105347
478,Adagrad1,0.010000228881835938,0.9883263111114502
479,Adagrad1,0.008999347686767578,0.9977518916130066
480,Adagrad1,0.010001659393310547,0.8514054417610168
481,Adagrad1,0.010999679565429688,0.6827274560928345
482,Adagrad1,0.00999903678894043,0.8209607601165771
483,Adagrad1,0.010001897811889648,0.8861633539199829
484,Adagrad1,0.010999202728271484,0.8434211611747742
485,Adagrad1,0.009999513626098633,0.8899178504943848
486,Adagrad1,0.011002063751220703,1.0229741334915161
487,Adagrad1,0.00999903678894043,0.909413754940033
488,Adagrad1,0.01098489761352539,0.7256113290786743
489,Adagrad1,0.010001897811889648,0.5814992189407349
490,Adagrad1,0.009998321533203125,0.8969423770904541
491,Adagrad1,0.009999990463256836,0.937354564666748
492,Adagrad1,0.010001420974731445,0.8490498661994934
493,Adagrad1,0.008999347686767578,0.9781137108802795
494,Adagrad1,0.009998559951782227,0.9185605645179749
495,Adagrad1,0.011000633239746094,0.7872655391693115
496,Adagrad1,0.012000560760498047,0.8996016383171082
497,Adagrad1,0.010999917984008789,0.9839761853218079
498,Adagrad1,0.011997461318969727,0.9270187616348267
499,Adagrad1,0.010998725891113281,0.695295512676239
500,Adagrad2,0.0200045108795166,1.0210357904434204
501,Adagrad2,0.020000219345092773,0.6429951786994934
502,Adagrad2,0.020001888275146484,0.7736778259277344
503,Adagrad2,0.020973920822143555,0.7129218578338623
504,Adagrad2,0.019002676010131836,0.7699257731437683
505,Adagrad2,0.018995285034179688,0.7247646450996399
506,Adagrad2,0.019000768661499023,0.7548810839653015
507,Adagrad2,0.019997596740722656,0.7192049026489258
508,Adagrad2,0.018970966339111328,0.7655211091041565
509,Adagrad2,0.018999576568603516,0.7599179148674011
510,Adagrad2,0.020000696182250977,0.5497835278511047
511,Adagrad2,0.018998146057128906,0.6791572570800781
512,Adagrad2,0.021001577377319336,0.642256498336792
513,Adagrad2,0.01899862289428711,0.8862844705581665
514,Adagrad2,0.019001245498657227,0.5655665397644043
515,Adagrad2,0.0189969539642334,0.47826993465423584
516,Adagrad2,0.017999887466430664,0.5937181711196899
517,Adagrad2,0.018999099731445312,0.7718183398246765
518,Adagrad2,0.01794743537902832,0.6992518901824951
519,Adagrad2,0.01865077018737793,0.6090663075447083
520,Adagrad2,0.018000125885009766,0.5500932931900024
521,Adagrad2,0.01900339126586914,0.6099376678466797
522,Adagrad2,0.02002239227294922,1.014472246170044
523,Adagrad2,0.01831984519958496,0.6471516489982605
524,Adagrad2,0.020001888275146484,0.7259745001792908
525,Adagrad2,0.020140647888183594,0.5920665860176086
526,Adagrad2,0.019977569580078125,0.5820215344429016
527,Adagrad2,0.017996549606323242,0.9305827617645264
528,Adagrad2,0.018998384475708008,0.7427326440811157
529,Adagrad2,0.01897263526916504,0.8861386775970459
530,Adagrad2,0.01898336410522461,0.9309312701225281
531,Adagrad2,0.019102096557617188,0.8231055736541748
532,Adagrad2,0.018999576568603516,0.6136705875396729
533,Adagrad2,0.018000125885009766,0.71771639585495
534,Adagrad2,0.029000043869018555,0.624424397945404
535,Adagrad2,0.020998716354370117,0.7204272747039795
536,Adagrad2,0.021000146865844727,0.5568195581436157
537,Adagrad2,0.018998146057128906,0.6715871691703796
538,Adagrad2,0.017999887466430664,0.7377110123634338
539,Adagrad2,0.01800060272216797,0.8611233234405518
540,Adagrad2,0.01799917221069336,0.6684356331825256
541,Adagrad2,0.017999649047851562,0.5879183411598206
542,Adagrad2,0.018001079559326172,0.8137897253036499
543,Adagrad2,0.020999670028686523,0.5400145053863525
544,Adagrad2,0.018999576568603516,0.6642602682113647
545,Adagrad2,0.018000125885009766,0.6228313446044922
546,Adagrad2,0.019999980926513672,0.6550208330154419
547,Adagrad2,0.01900196075439453,0.7910884022712708
548,Adagrad2,0.019997835159301758,0.9397974014282227
549,Adagrad2,0.017999887466430664,0.8885809183120728
550,Adagrad2,0.01799941062927246,0.8575631976127625
551,Adagrad2,0.018000364303588867,0.8491032719612122
552,Adagrad2,0.01900005340576172,0.7562800049781799
553,Adagrad2,0.019000530242919922,0.8281204104423523
554,Adagrad2,0.018999576568603516,0.8587712645530701
555,Adagrad2,0.018999576568603516,0.8547942638397217
556,Adagrad2,0.018999099731445312,0.8573521971702576
557,Adagrad2,0.019000530242919922,0.776454508304596
558,Adagrad2,0.019000530242919922,0.7048524022102356
559,Adagrad2,0.018996477127075195,0.7935470342636108
560,Adagrad2,0.019999980926513672,0.7275162935256958
561,Adagrad2,0.01900029182434082,0.8015866875648499
562,Adagrad2,0.019002914428710938,0.8766698837280273
563,Adagrad2,0.019999980926513672,0.72203528881073
564,Adagrad2,0.019999265670776367,0.7206242680549622
565,Adagrad2,0.020999431610107422,0.8695424199104309
566,Adagrad2,0.018999576568603516,0.8837202787399292
567,Adagrad2,0.017000198364257812,0.8943525552749634
568,Adagrad2,0.01800060272216797,0.5820824503898621
569,Adagrad2,0.019001007080078125,0.7204124927520752
570,Adagrad2,0.018999814987182617,0.6433048248291016
571,Adagrad2,0.01799941062927246,0.6365552544593811
572,Adagrad2,0.019001007080078125,0.7615053653717041
573,Adagrad2,0.018999576568603516,0.7791150808334351
574,Adagrad2,0.01800060272216797,0.6816282868385315
575,Adagrad2,0.020002365112304688,0.726195216178894
576,Adagrad2,0.019001007080078125,0.8137451410293579
577,Adagrad2,0.019000768661499023,0.5176023244857788
578,Adagrad2,0.018999814987182617,0.7035045027732849
579,Adagrad2,0.019000768661499023,0.6220457553863525
580,Adagrad2,0.01999688148498535,0.6651284098625183
581,Adagrad2,0.018000125885009766,0.7363702058792114
582,Adagrad2,0.019999265670776367,0.7218227386474609
583,Adagrad2,0.019001483917236328,0.7165336608886719
584,Adagrad2,0.01999974250793457,0.6814061999320984
585,Adagrad2,0.01900005340576172,0.6406570672988892
586,Adagrad2,0.018999814987182617,0.6550426483154297
587,Adagrad2,0.01900029182434082,0.7609147429466248
588,Adagrad2,0.019999265670776367,0.8804910182952881
589,Adagrad2,0.018998146057128906,0.9088571667671204
590,Adagrad2,0.018999814987182617,0.7338066697120667
591,Adagrad2,0.0189974308013916,0.6323365569114685
592,Adagrad2,0.02000141143798828,0.8953932523727417
593,Adagrad2,0.020999431610107422,0.6764728426933289
594,Adagrad2,0.01999831199645996,0.5551189184188843
595,Adagrad2,0.02499985694885254,0.9373869299888611
596,Adagrad2,0.022001028060913086,0.6132623553276062
597,Adagrad2,0.01899862289428711,0.8095805048942566
598,Adagrad2,0.018999576568603516,0.9557204246520996
599,Adagrad2,0.01800251007080078,0.5982450842857361
600,Adagrad3,0.029998302459716797,0.9555869102478027
601,Adagrad3,0.029000043869018555,0.7465007901191711
602,Adagrad3,0.029998302459716797,0.6773474812507629
603,Adagrad3,0.0280001163482666,0.5944693684577942
604,Adagrad3,0.02899909019470215,0.6019378900527954
605,Adagrad3,0.02899932861328125,0.8439092636108398
606,Adagrad3,0.029000043869018555,0.5453358888626099
607,Adagrad3,0.02899956703186035,0.7029856443405151
608,Adagrad3,0.028997182846069336,0.788181483745575
609,Adagrad3,0.029999256134033203,0.8351004719734192
610,Adagrad3,0.03099966049194336,0.7949966192245483
611,Adagrad3,0.02900075912475586,0.6585466265678406
612,Adagrad3,0.030001163482666016,0.6234303116798401
613,Adagrad3,0.02900099754333496,0.6245504021644592
614,Adagrad3,0.02899789810180664,0.5437579154968262
615,Adagrad3,0.029998779296875,0.8809093832969666
616,Adagrad3,0.031003236770629883,0.6402180194854736
617,Adagrad3,0.03100419044494629,0.564329981803894
618,Adagrad3,0.031998395919799805,0.7935357689857483
619,Adagrad3,0.032996416091918945,0.643429160118103
620,Adagrad3,0.029999494552612305,0.8284926414489746
621,Adagrad3,0.031000852584838867,0.7066869735717773
622,Adagrad3,0.0299985408782959,0.5760390162467957
623,Adagrad3,0.032024383544921875,0.5946117639541626
624,Adagrad3,0.0310366153717041,0.6579034328460693
625,Adagrad3,0.028025388717651367,0.686500608921051
626,Adagrad3,0.02799844741821289,0.684030294418335
627,Adagrad3,0.028974056243896484,0.7238411903381348
628,Adagrad3,0.029016733169555664,0.9410949945449829
629,Adagrad3,0.02797532081604004,0.6055293679237366
630,Adagrad3,0.029999732971191406,0.588559091091156
631,Adagrad3,0.02799701690673828,0.41394728422164917
632,Adagrad3,0.0279996395111084,0.8130654692649841
633,Adagrad3,0.02897024154663086,0.6216608881950378
634,Adagrad3,0.028242111206054688,0.6922722458839417
635,Adagrad3,0.02899956703186035,0.6236664056777954
636,Adagrad3,0.027775049209594727,0.6349593997001648
637,Adagrad3,0.02812933921813965,0.6908727884292603
638,Adagrad3,0.028330564498901367,0.7970219850540161
639,Adagrad3,0.0280001163482666,0.6518438458442688
640,Adagrad3,0.029261112213134766,0.6653024554252625
641,Adagrad3,0.028170347213745117,0.5009709000587463
642,Adagrad3,0.027975797653198242,0.3195844888687134
643,Adagrad3,0.027997970581054688,0.890423595905304
644,Adagrad3,0.028406143188476562,0.5937727689743042
645,Adagrad3,0.028000831604003906,0.603299081325531
646,Adagrad3,0.0280001163482666,0.651127278804779
647,Adagrad3,0.027806758880615234,0.6982871294021606
648,Adagrad3,0.027976036071777344,0.7171976566314697
649,Adagrad3,0.027999401092529297,0.7106916904449463
650,Adagrad3,0.02863788604736328,0.6224610209465027
651,Adagrad3,0.028969764709472656,0.5327853560447693
652,Adagrad3,0.02861332893371582,0.8712780475616455
653,Adagrad3,0.02699875831604004,0.6138097643852234
654,Adagrad3,0.03000020980834961,0.7195104956626892
655,Adagrad3,0.029998779296875,0.6955969333648682
656,Adagrad3,0.03000164031982422,0.7235062718391418
657,Adagrad3,0.027998924255371094,0.5076199769973755
658,Adagrad3,0.02899909019470215,0.7407838106155396
659,Adagrad3,0.029998779296875,0.8647894263267517
660,Adagrad3,0.0279691219329834,0.7310657501220703
661,Adagrad3,0.027000904083251953,0.7038130164146423
662,Adagrad3,0.027973175048828125,0.7180479764938354
663,Adagrad3,0.03000020980834961,0.6683051586151123
664,Adagrad3,0.0280001163482666,0.7681804895401001
665,Adagrad3,0.027000904083251953,0.4714215099811554
666,Adagrad3,0.029003620147705078,0.6065873503684998
667,Adagrad3,0.029995203018188477,0.5665452480316162
668,Adagrad3,0.03099989891052246,0.6730278134346008
669,Adagrad3,0.0299990177154541,0.7702937126159668
670,Adagrad3,0.030999183654785156,0.7972926497459412
671,Adagrad3,0.031002283096313477,0.5977761149406433
672,Adagrad3,0.029999732971191406,0.7082634568214417
673,Adagrad3,0.029000520706176758,0.4065237045288086
674,Adagrad3,0.02900099754333496,0.8126944899559021
675,Adagrad3,0.028975725173950195,0.4602358341217041
676,Adagrad3,0.028999805450439453,0.6079471707344055
677,Adagrad3,0.028970003128051758,0.613431453704834
678,Adagrad3,0.02800273895263672,0.6001296639442444
679,Adagrad3,0.03100275993347168,0.5564957857131958
680,Adagrad3,0.028974533081054688,0.7213996052742004
681,Adagrad3,0.02897477149963379,0.801738440990448
682,Adagrad3,0.030000925064086914,0.793734073638916
683,Adagrad3,0.029999971389770508,0.7020450234413147
684,Adagrad3,0.028998374938964844,0.5878041386604309
685,Adagrad3,0.0299990177154541,0.6119099259376526
686,Adagrad3,0.030000925064086914,0.6047611236572266
687,Adagrad3,0.029998779296875,0.9273319244384766
688,Adagrad3,0.028975725173950195,0.8506513237953186
689,Adagrad3,0.02902698516845703,0.6477569341659546
690,Adagrad3,0.028994321823120117,0.5471917986869812
691,Adagrad3,0.028998136520385742,0.6095354557037354
692,Adagrad3,0.0279998779296875,0.7611507773399353
693,Adagrad3,0.028000354766845703,0.4902603030204773
694,Adagrad3,0.026998519897460938,0.5192909836769104
695,Adagrad3,0.029000043869018555,0.8146306872367859
696,Adagrad3,0.0279996395111084,0.7896068096160889
697,Adagrad3,0.02899956703186035,0.7727358937263489
698,Adagrad3,0.027999162673950195,0.6849092841148376
699,Adagrad3,0.028000831604003906,0.5817407369613647
700,Adagrad4,0.038999319076538086,0.4390268325805664
701,Adagrad4,0.03600192070007324,0.538371741771698
702,Adagrad4,0.040003061294555664,0.6445244550704956
703,Adagrad4,0.03799772262573242,0.4568778872489929
704,Adagrad4,0.03800082206726074,0.4781436026096344
705,Adagrad4,0.03800010681152344,0.7086659073829651
706,Adagrad4,0.03799915313720703,0.7021892666816711
707,Adagrad4,0.036974191665649414,0.6730034351348877
708,Adagrad4,0.03700137138366699,0.4919142425060272
709,Adagrad4,0.037973642349243164,0.5727024674415588
710,Adagrad4,0.04200029373168945,0.4689760208129883
711,Adagrad4,0.04400038719177246,0.7338565587997437
712,Adagrad4,0.038999319076538086,0.5581538081169128
713,Adagrad4,0.037000179290771484,0.57924485206604
714,Adagrad4,0.03699946403503418,0.7231634259223938
715,Adagrad4,0.039000511169433594,0.5534650683403015
716,Adagrad4,0.037001848220825195,0.7908626794815063
717,Adagrad4,0.03699970245361328,0.577560544013977
718,Adagrad4,0.039000511169433594,0.48796409368515015
719,Adagrad4,0.03800034523010254,0.5695159435272217
720,Adagrad4,0.03800058364868164,0.6993778347969055
721,Adagrad4,0.03899860382080078,0.6362429261207581
722,Adagrad4,0.03699898719787598,0.7694656252861023
723,Adagrad4,0.03699994087219238,0.6162428855895996
724,Adagrad4,0.03700065612792969,0.6152887940406799
725,Adagrad4,0.0370030403137207,0.38858142495155334
726,Adagrad4,0.039002180099487305,0.7665370106697083
727,Adagrad4,0.0449984073638916,0.6635960340499878
728,Adagrad4,0.038002729415893555,0.5006220936775208
729,Adagrad4,0.036997079849243164,0.7071195244789124
730,Adagrad4,0.03800058364868164,0.6146376729011536
731,Adagrad4,0.035999298095703125,0.8119996190071106
732,Adagrad4,0.03600001335144043,0.7520330548286438
733,Adagrad4,0.03730630874633789,0.6948490142822266
734,Adagrad4,0.03700137138366699,0.7109854817390442
735,Adagrad4,0.03599953651428223,0.6051039099693298
736,Adagrad4,0.03699469566345215,0.7162637114524841
737,Adagrad4,0.04200148582458496,0.6094740629196167
738,Adagrad4,0.03600025177001953,0.5409067273139954
739,Adagrad4,0.0370028018951416,0.5675014853477478
740,Adagrad4,0.038002729415893555,0.6525388360023499
741,Adagrad4,0.03799915313720703,0.666352391242981
742,Adagrad4,0.038896799087524414,0.7140237092971802
743,Adagrad4,0.03600025177001953,0.395498126745224
744,Adagrad4,0.03800153732299805,0.4599722623825073
745,Adagrad4,0.037001848220825195,0.6101264357566833
746,Adagrad4,0.03800177574157715,0.7920179963111877
747,Adagrad4,0.03899955749511719,0.563318133354187
748,Adagrad4,0.03796887397766113,0.7602981328964233
749,Adagrad4,0.0370020866394043,0.7316509485244751
750,Adagrad4,0.036968231201171875,0.6396737694740295
751,Adagrad4,0.038027048110961914,0.7710749506950378
752,Adagrad4,0.03700089454650879,0.4927414059638977
753,Adagrad4,0.037000179290771484,0.5224314332008362
754,Adagrad4,0.03800034523010254,0.9006578326225281
755,Adagrad4,0.03897523880004883,0.630702793598175
756,Adagrad4,0.0390017032623291,0.7693427205085754
757,Adagrad4,0.03799843788146973,0.593291163444519
758,Adagrad4,0.038001298904418945,0.5671902298927307
759,Adagrad4,0.03597426414489746,0.5499897003173828
760,Adagrad4,0.03799867630004883,0.6311261653900146
761,Adagrad4,0.0390009880065918,0.6847056746482849
762,Adagrad4,0.037999868392944336,0.7041482925415039
763,Adagrad4,0.038001060485839844,0.6988561749458313
764,Adagrad4,0.037001609802246094,0.5483788847923279
765,Adagrad4,0.037613630294799805,0.6783190369606018
766,Adagrad4,0.037001609802246094,0.4593146741390228
767,Adagrad4,0.03750348091125488,0.617222011089325
768,Adagrad4,0.03699898719787598,0.5451437830924988
769,Adagrad4,0.03824615478515625,0.7216926217079163
770,Adagrad4,0.03700089454650879,0.8908990621566772
771,Adagrad4,0.03700113296508789,0.40801098942756653
772,Adagrad4,0.037999629974365234,0.5854508876800537
773,Adagrad4,0.03694915771484375,0.6578378081321716
774,Adagrad4,0.03915214538574219,0.6805759072303772
775,Adagrad4,0.03800058364868164,0.4958837628364563
776,Adagrad4,0.03699970245361328,0.647658109664917
777,Adagrad4,0.038228511810302734,0.6573439836502075
778,Adagrad4,0.03732872009277344,0.7992075085639954
779,Adagrad4,0.037009239196777344,0.7051757574081421
780,Adagrad4,0.03656935691833496,0.49613475799560547
781,Adagrad4,0.037000179290771484,0.471906453371048
782,Adagrad4,0.03700137138366699,0.6085013747215271
783,Adagrad4,0.03697490692138672,0.6370306015014648
784,Adagrad4,0.03700089454650879,0.643654465675354
785,Adagrad4,0.035999298095703125,0.6129075884819031
786,Adagrad4,0.03699946403503418,0.7639549374580383
787,Adagrad4,0.0370028018951416,0.4419443607330322
788,Adagrad4,0.03800082206726074,0.5018860101699829
789,Adagrad4,0.03887343406677246,0.7776662707328796
790,Adagrad4,0.03845620155334473,0.5277127027511597
791,Adagrad4,0.04999876022338867,0.3892051577568054
792,Adagrad4,0.03699970245361328,0.5962177515029907
793,Adagrad4,0.037000179290771484,0.44511735439300537
794,Adagrad4,0.03699994087219238,0.6049580574035645
795,Adagrad4,0.03699946403503418,0.7988380789756775
796,Adagrad4,0.03699803352355957,0.7686152458190918
797,Adagrad4,0.03600120544433594,0.8455843329429626
798,Adagrad4,0.03599953651428223,0.5254637598991394
799,Adagrad4,0.03699851036071777,0.42883700132369995
800,Adagrad5,0.048000335693359375,0.4498100280761719
801,Adagrad5,0.04600071907043457,0.4039161801338196
802,Adagrad5,0.04599881172180176,0.5774216651916504
803,Adagrad5,0.04900193214416504,0.6422336101531982
804,Adagrad5,0.045999765396118164,0.4483824670314789
805,Adagrad5,0.0449984073638916,0.4913919270038605
806,Adagrad5,0.04500102996826172,0.4752761125564575
807,Adagrad5,0.04699993133544922,0.6514928340911865
808,Adagrad5,0.04600024223327637,0.6114053130149841
809,Adagrad5,0.04699850082397461,0.4574833810329437
810,Adagrad5,0.04700064659118652,0.6394092440605164
811,Adagrad5,0.04900074005126953,0.42651984095573425
812,Adagrad5,0.04699826240539551,0.7086864113807678
813,Adagrad5,0.04699897766113281,0.6573358178138733
814,Adagrad5,0.04700064659118652,0.5375086069107056
815,Adagrad5,0.04799914360046387,0.39228659868240356
816,Adagrad5,0.047998905181884766,0.44880327582359314
817,Adagrad5,0.045999765396118164,0.5235192775726318
818,Adagrad5,0.04600024223327637,0.5074685215950012
819,Adagrad5,0.04600048065185547,0.7514368295669556
820,Adagrad5,0.04900026321411133,0.4849364757537842
821,Adagrad5,0.04799985885620117,0.6377485394477844
822,Adagrad5,0.045001983642578125,0.5987260937690735
823,Adagrad5,0.045000314712524414,0.5748617649078369
824,Adagrad5,0.04599952697753906,0.6816455721855164
825,Adagrad5,0.04500007629394531,0.555205225944519
826,Adagrad5,0.04599928855895996,0.3229227364063263
827,Adagrad5,0.04499983787536621,0.6476500034332275
828,Adagrad5,0.04599905014038086,0.6943445205688477
829,Adagrad5,0.045999765396118164,0.46124303340911865
830,Adagrad5,0.04500126838684082,0.8755463361740112
831,Adagrad5,0.045000314712524414,0.5163516998291016
832,Adagrad5,0.04500102996826172,0.49911051988601685
833,Adagrad5,0.04699993133544922,0.40030768513679504
834,Adagrad5,0.04400014877319336,0.48371759057044983
835,Adagrad5,0.04500007629394531,0.4846077561378479
836,Adagrad5,0.04700160026550293,0.446036696434021
837,Adagrad5,0.04599952697753906,0.5935400128364563
838,Adagrad5,0.04699969291687012,0.4188805818557739
839,Adagrad5,0.04599928855895996,0.6658753752708435
840,Adagrad5,0.046000003814697266,0.6073145866394043
841,Adagrad5,0.04802417755126953,0.5809149146080017
842,Adagrad5,0.0469965934753418,0.6384873390197754
843,Adagrad5,0.04700016975402832,0.32654592394828796
844,Adagrad5,0.04600071907043457,0.5334348082542419
845,Adagrad5,0.046000003814697266,0.8086633086204529
846,Adagrad5,0.04499959945678711,0.7320384383201599
847,Adagrad5,0.043999671936035156,0.4729824960231781
848,Adagrad5,0.04499959945678711,0.4309966266155243
849,Adagrad5,0.04499959945678711,0.6755874752998352
850,Adagrad5,0.04500007629394531,0.4474748373031616
851,Adagrad5,0.044999122619628906,0.47201770544052124
852,Adagrad5,0.04599952697753906,0.4399823844432831
853,Adagrad5,0.04600048065185547,0.5868992805480957
854,Adagrad5,0.04699897766113281,0.6865376830101013
855,Adagrad5,0.04399991035461426,0.4735103249549866
856,Adagrad5,0.04699993133544922,0.6114362478256226
857,Adagrad5,0.0449981689453125,0.379976361989975
858,Adagrad5,0.04400134086608887,0.5964164733886719
859,Adagrad5,0.046000003814697266,0.7913649082183838
860,Adagrad5,0.04599905014038086,0.6150689125061035
861,Adagrad5,0.043999433517456055,0.3274049758911133
862,Adagrad5,0.04600071907043457,0.8490791916847229
863,Adagrad5,0.04599928855895996,0.7706488966941833
864,Adagrad5,0.045000553131103516,0.5741713047027588
865,Adagrad5,0.04599952697753906,0.4999059736728668
866,Adagrad5,0.04699969291687012,0.42664822936058044
867,Adagrad5,0.04500174522399902,0.602982759475708
868,Adagrad5,0.04500007629394531,0.5675557255744934
869,Adagrad5,0.04600071907043457,0.5022093653678894
870,Adagrad5,0.04599928855895996,0.5543205738067627
871,Adagrad5,0.04599928855895996,0.6713085174560547
872,Adagrad5,0.04699993133544922,0.4590300917625427
873,Adagrad5,0.046000003814697266,0.5396277904510498
874,Adagrad5,0.04799914360046387,0.5758189558982849
875,Adagrad5,0.04800081253051758,0.6174328327178955
876,Adagrad5,0.04700112342834473,0.5279070138931274
877,Adagrad5,0.04600167274475098,0.7095661759376526
878,Adagrad5,0.04700040817260742,0.7897779941558838
879,Adagrad5,0.04799985885620117,0.3625279366970062
880,Adagrad5,0.04700064659118652,0.46819809079170227
881,Adagrad5,0.04600119590759277,0.44270214438438416
882,Adagrad5,0.04699897766113281,0.649658203125
883,Adagrad5,0.04799985885620117,0.6727455854415894
884,Adagrad5,0.04700040817260742,0.4363493025302887
885,Adagrad5,0.046000003814697266,0.55342698097229
886,Adagrad5,0.046999216079711914,0.590136706829071
887,Adagrad5,0.049001216888427734,0.3602595329284668
888,Adagrad5,0.045999765396118164,0.41843435168266296
889,Adagrad5,0.046999454498291016,0.3524154722690582
890,Adagrad5,0.04600024223327637,0.5637211799621582
891,Adagrad5,0.045000314712524414,0.40326225757598877
892,Adagrad5,0.04599881172180176,0.5887773036956787
893,Adagrad5,0.04999971389770508,0.5728170871734619
894,Adagrad5,0.04700040817260742,0.5610059499740601
895,Adagrad5,0.04700064659118652,0.5366716384887695
896,Adagrad5,0.04799914360046387,0.47789207100868225
897,Adagrad5,0.04699993133544922,0.4338492751121521
898,Adagrad5,0.045999765396118164,0.701220691204071
899,Adagrad5,0.04799938201904297,0.7448956966400146
900,Adam1,0.013000011444091797,0.9336766004562378
901,Adam1,0.012000322341918945,1.1438474655151367
902,Adam1,0.01099848747253418,0.9892320036888123
903,Adam1,0.012000083923339844,1.0257127285003662
904,Adam1,0.010999917984008789,0.9092145562171936
905,Adam1,0.010999917984008789,1.0109117031097412
906,Adam1,0.011000871658325195,0.9479172825813293
907,Adam1,0.010998249053955078,0.8277039527893066
908,Adam1,0.011000394821166992,1.0143251419067383
909,Adam1,0.010999202728271484,0.9677740335464478
910,Adam1,0.011000394821166992,0.9925975203514099
911,Adam1,0.00999903678894043,1.002719759941101
912,Adam1,0.011000394821166992,1.0584568977355957
913,Adam1,0.010999679565429688,0.9618890881538391
914,Adam1,0.01100015640258789,0.9488783478736877
915,Adam1,0.01100015640258789,1.1993530988693237
916,Adam1,0.010000467300415039,0.9836411476135254
917,Adam1,0.010999441146850586,0.9462521076202393
918,Adam1,0.011998653411865234,1.0499523878097534
919,Adam1,0.010999917984008789,0.8788939118385315
920,Adam1,0.011000394821166992,0.9168251752853394
921,Adam1,0.011000871658325195,0.9641497135162354
922,Adam1,0.010999441146850586,0.9917120337486267
923,Adam1,0.010999202728271484,0.8985418677330017
924,Adam1,0.010999917984008789,0.952582597732544
925,Adam1,0.010999917984008789,1.0511131286621094
926,Adam1,0.010999679565429688,1.0998711585998535
927,Adam1,0.011000871658325195,1.0752969980239868
928,Adam1,0.01199960708618164,1.0256900787353516
929,Adam1,0.010999917984008789,1.0229414701461792
930,Adam1,0.011000394821166992,1.0029195547103882
931,Adam1,0.009999275207519531,0.8282631635665894
932,Adam1,0.010999917984008789,0.9689410924911499
933,Adam1,0.010998964309692383,1.029121994972229
934,Adam1,0.01100015640258789,0.8904089331626892
935,Adam1,0.010999679565429688,1.0340137481689453
936,Adam1,0.011000633239746094,0.9627893567085266
937,Adam1,0.010999202728271484,0.923947274684906
938,Adam1,0.010999917984008789,0.9976829886436462
939,Adam1,0.011000394821166992,0.9720664620399475
940,Adam1,0.010000228881835938,1.1713846921920776
941,Adam1,0.011000394821166992,0.8994452357292175
942,Adam1,0.010999679565429688,0.9262406826019287
943,Adam1,0.011000394821166992,0.8125112652778625
944,Adam1,0.010999679565429688,1.0807992219924927
945,Adam1,0.010999679565429688,0.8672753572463989
946,Adam1,0.01100015640258789,1.0470049381256104
947,Adam1,0.010999917984008789,0.9930015206336975
948,Adam1,0.009999990463256836,1.0013633966445923
949,Adam1,0.01100015640258789,0.9874854683876038
950,Adam1,0.011000633239746094,0.9668763279914856
951,Adam1,0.010999441146850586,0.8723863959312439
952,Adam1,0.010999917984008789,0.9669293761253357
953,Adam1,0.01199960708618164,0.9591179490089417
954,Adam1,0.010999441146850586,0.9611682891845703
955,Adam1,0.010999917984008789,1.0574570894241333
956,Adam1,0.010000467300415039,0.9854928851127625
957,Adam1,0.010999441146850586,1.2173470258712769
958,Adam1,0.01100015640258789,1.071637511253357
959,Adam1,0.009999990463256836,1.0584144592285156
960,Adam1,0.01100015640258789,1.0069094896316528
961,Adam1,0.010999679565429688,1.0376921892166138
962,Adam1,0.010999202728271484,0.953374981880188
963,Adam1,0.012000083923339844,0.9818623661994934
964,Adam1,0.01100015640258789,0.9255624413490295
965,Adam1,0.010000228881835938,1.0037848949432373
966,Adam1,0.011000633239746094,1.0138380527496338
967,Adam1,0.012000560760498047,0.9240729808807373
968,Adam1,0.011001110076904297,1.0379890203475952
969,Adam1,0.00999903678894043,0.9249209761619568
970,Adam1,0.011999845504760742,1.1163477897644043
971,Adam1,0.010999679565429688,1.0270293951034546
972,Adam1,0.01200103759765625,1.037384271621704
973,Adam1,0.009999990463256836,1.0832455158233643
974,Adam1,0.011999845504760742,0.9906826019287109
975,Adam1,0.011000871658325195,0.9317000508308411
976,Adam1,0.010999917984008789,1.1579973697662354
977,Adam1,0.010999441146850586,0.9255839586257935
978,Adam1,0.010999917984008789,1.2199550867080688
979,Adam1,0.009999752044677734,0.9033393263816833
980,Adam1,0.01100015640258789,1.1407697200775146
981,Adam1,0.011000394821166992,0.963670015335083
982,Adam1,0.010999202728271484,0.9126443862915039
983,Adam1,0.01100015640258789,0.9801491498947144
984,Adam1,0.011000394821166992,1.035750389099121
985,Adam1,0.010999679565429688,1.0067710876464844
986,Adam1,0.010999441146850586,1.0147814750671387
987,Adam1,0.01100015640258789,0.9159326553344727
988,Adam1,0.010999679565429688,1.0489630699157715
989,Adam1,0.009999990463256836,0.9460669755935669
990,Adam1,0.011000633239746094,0.9694833755493164
991,Adam1,0.010999441146850586,0.9688524603843689
992,Adam1,0.011000871658325195,1.147072672843933
993,Adam1,0.010999917984008789,1.175240159034729
994,Adam1,0.009999990463256836,1.082149863243103
995,Adam1,0.010999679565429688,0.7570605278015137
996,Adam1,0.010999441146850586,1.056982159614563
997,Adam1,0.01100015640258789,0.9943720698356628
998,Adam1,0.010998964309692383,1.0912996530532837
999,Adam1,0.010999917984008789,0.963384211063385
1000,Adam2,0.02300095558166504,0.825309157371521
1001,Adam2,0.02300095558166504,0.9775506854057312
1002,Adam2,0.023000240325927734,1.1681283712387085
1003,Adam2,0.021999597549438477,0.8364940881729126
1004,Adam2,0.023000717163085938,1.0174567699432373
1005,Adam2,0.02299976348876953,1.0410149097442627
1006,Adam2,0.02500009536743164,0.9864292740821838
1007,Adam2,0.024001359939575195,0.9775480628013611
1008,Adam2,0.023000240325927734,0.8535494208335876
1009,Adam2,0.02299952507019043,0.8814947009086609
1010,Adam2,0.02299952507019043,0.8604434728622437
1011,Adam2,0.020999908447265625,1.0715088844299316
1012,Adam2,0.02200007438659668,1.020624041557312
1013,Adam2,0.023000717163085938,1.1042914390563965
1014,Adam2,0.021999359130859375,0.9174519181251526
1015,Adam2,0.02299976348876953,1.133176326751709
1016,Adam2,0.023000478744506836,0.8502813577651978
1017,Adam2,0.022001266479492188,1.1153830289840698
1018,Adam2,0.02099919319152832,0.9535725712776184
1019,Adam2,0.021000146865844727,0.9648655652999878
1020,Adam2,0.022000551223754883,0.9274134635925293
1021,Adam2,0.020999908447265625,0.8146597146987915
1022,Adam2,0.021999597549438477,0.9420846104621887
1023,Adam2,0.022000789642333984,0.9021425843238831
1024,Adam2,0.022001028060913086,1.0852789878845215
1025,Adam2,0.022000551223754883,1.0304148197174072
1026,Adam2,0.02299976348876953,1.081797480583191
1027,Adam2,0.022000789642333984,0.9979142546653748
1028,Adam2,0.02200007438659668,1.0270967483520508
1029,Adam2,0.021000146865844727,0.9399518370628357
1030,Adam2,0.021999835968017578,1.0533639192581177
1031,Adam2,0.021000146865844727,1.0800375938415527
1032,Adam2,0.021999120712280273,1.001250147819519
1033,Adam2,0.02100062370300293,1.0753769874572754
1034,Adam2,0.02200031280517578,1.0188865661621094
1035,Adam2,0.02299976348876953,0.8516789674758911
1036,Adam2,0.021999359130859375,1.042824625968933
1037,Adam2,0.021999359130859375,0.9342505931854248
1038,Adam2,0.022000551223754883,0.9828155636787415
1039,Adam2,0.023000001907348633,0.8792486190795898
1040,Adam2,0.022997379302978516,1.3601794242858887
1041,Adam2,0.023000001907348633,0.8911681175231934
1042,Adam2,0.024001121520996094,1.0017094612121582
1043,Adam2,0.02499675750732422,1.018914818763733
1044,Adam2,0.03399944305419922,0.9236733317375183
1045,Adam2,0.02800154685974121,0.9619676470756531
1046,Adam2,0.02700042724609375,1.0245511531829834
1047,Adam2,0.027999162673950195,1.0316475629806519
1048,Adam2,0.029001474380493164,0.9728606939315796
1049,Adam2,0.026000022888183594,1.0214877128601074
1050,Adam2,0.024999380111694336,0.9895635843276978
1051,Adam2,0.02299952507019043,0.8507145047187805
1052,Adam2,0.02200007438659668,1.1122885942459106
1053,Adam2,0.023000717163085938,0.9772879481315613
1054,Adam2,0.026000022888183594,1.3708564043045044
1055,Adam2,0.02500009536743164,0.9697946310043335
1056,Adam2,0.021999120712280273,0.9038753509521484
1057,Adam2,0.022000551223754883,0.8809698224067688
1058,Adam2,0.023000240325927734,0.9618117809295654
1059,Adam2,0.02299976348876953,0.885019838809967
1060,Adam2,0.023000717163085938,0.901736855506897
1061,Adam2,0.021999835968017578,1.0978111028671265
1062,Adam2,0.02299952507019043,1.1178065538406372
1063,Adam2,0.02299666404724121,1.0195833444595337
1064,Adam2,0.025002241134643555,0.9153907299041748
1065,Adam2,0.02500009536743164,0.8259441256523132
1066,Adam2,0.02399921417236328,0.8593580722808838
1067,Adam2,0.025000333786010742,0.8118049502372742
1068,Adam2,0.025002002716064453,0.8962993025779724
1069,Adam2,0.026000261306762695,0.9816582202911377
1070,Adam2,0.024997472763061523,1.023914098739624
1071,Adam2,0.023999929428100586,0.9189034104347229
1072,Adam2,0.024000883102416992,0.951227068901062
1073,Adam2,0.02499866485595703,0.8497992753982544
1074,Adam2,0.022999048233032227,0.9600967168807983
1075,Adam2,0.0240020751953125,0.9274522066116333
1076,Adam2,0.023999452590942383,0.8531265258789062
1077,Adam2,0.02300238609313965,0.9545565247535706
1078,Adam2,0.022999286651611328,1.0177764892578125
1079,Adam2,0.02500009536743164,0.9829264879226685
1080,Adam2,0.02300119400024414,1.1125946044921875
1081,Adam2,0.02400064468383789,1.0067697763442993
1082,Adam2,0.023999929428100586,0.9921942949295044
1083,Adam2,0.025000333786010742,0.9628240466117859
1084,Adam2,0.024000167846679688,1.0403151512145996
1085,Adam2,0.02500176429748535,0.8562912940979004
1086,Adam2,0.022998809814453125,0.9421417117118835
1087,Adam2,0.02599787712097168,0.868171215057373
1088,Adam2,0.025002002716064453,0.876648485660553
1089,Adam2,0.023998260498046875,0.9563969373703003
1090,Adam2,0.023996353149414062,0.8801881670951843
1091,Adam2,0.02400040626525879,1.052870512008667
1092,Adam2,0.021973609924316406,1.1464093923568726
1093,Adam2,0.024001359939575195,1.118349313735962
1094,Adam2,0.023025035858154297,0.9850896000862122
1095,Adam2,0.02497696876525879,0.9838928580284119
1096,Adam2,0.026000261306762695,1.0848082304000854
1097,Adam2,0.023999691009521484,0.8571285605430603
1098,Adam2,0.024001598358154297,0.8867418766021729
1099,Adam2,0.023000001907348633,0.9198572039604187
1100,Adam3,0.03699803352355957,1.0212510824203491
1101,Adam3,0.04200315475463867,0.9113370180130005
1102,Adam3,0.03699922561645508,0.9660657644271851
1103,Adam3,0.041999101638793945,0.8626104593276978
1104,Adam3,0.0460047721862793,0.8918039202690125
1105,Adam3,0.03900146484375,0.8496477603912354
1106,Adam3,0.04199624061584473,1.0998941659927368
1107,Adam3,0.040996551513671875,0.8505616188049316
1108,Adam3,0.043000221252441406,0.6450253129005432
1109,Adam3,0.037999868392944336,0.9990541934967041
1110,Adam3,0.03899955749511719,0.962960422039032
1111,Adam3,0.03799939155578613,0.8878010511398315
1112,Adam3,0.03699827194213867,1.0040545463562012
1113,Adam3,0.03900265693664551,0.9268560409545898
1114,Adam3,0.03599739074707031,1.086869716644287
1115,Adam3,0.034998416900634766,0.9690002799034119
1116,Adam3,0.03300166130065918,0.9001362919807434
1117,Adam3,0.03500008583068848,0.9352165460586548
1118,Adam3,0.03400015830993652,0.9475072026252747
1119,Adam3,0.032999277114868164,0.9170513153076172
1120,Adam3,0.03299975395202637,0.921757161617279
1121,Adam3,0.034000396728515625,0.8693322539329529
1122,Adam3,0.035997629165649414,0.8236055374145508
1123,Adam3,0.03599977493286133,0.8741510510444641
1124,Adam3,0.03599834442138672,0.9785841703414917
1125,Adam3,0.03500008583068848,0.851426899433136
1126,Adam3,0.03499960899353027,0.8992377519607544
1127,Adam3,0.03300023078918457,1.0670841932296753
1128,Adam3,0.03399944305419922,1.0210269689559937
1129,Adam3,0.03499865531921387,0.9975630640983582
1130,Adam3,0.03299880027770996,1.010198950767517
1131,Adam3,0.034998416900634766,0.9928812980651855
1132,Adam3,0.03300070762634277,0.9683474898338318
1133,Adam3,0.03400015830993652,1.084533929824829
1134,Adam3,0.033998966217041016,0.9714981317520142
1135,Adam3,0.03199958801269531,0.9481008648872375
1136,Adam3,0.03200078010559082,0.9727080464363098
1137,Adam3,0.03299999237060547,0.8752214908599854
1138,Adam3,0.032000064849853516,0.8421779870986938
1139,Adam3,0.03199934959411621,0.9399739503860474
1140,Adam3,0.035002946853637695,0.9643291234970093
1141,Adam3,0.033000946044921875,0.9995193481445312
1142,Adam3,0.032999277114868164,1.0357956886291504
1143,Adam3,0.03299999237060547,0.740215003490448
1144,Adam3,0.03199934959411621,0.9875861406326294
1145,Adam3,0.032001495361328125,0.816233217716217
1146,Adam3,0.03299975395202637,0.9540387988090515
1147,Adam3,0.03199958801269531,1.0773202180862427
1148,Adam3,0.03300046920776367,0.9112975001335144
1149,Adam3,0.040003061294555664,0.9470327496528625
1150,Adam3,0.038997650146484375,1.0854073762893677
1151,Adam3,0.031000137329101562,0.8294544816017151
1152,Adam3,0.03200030326843262,0.8621279001235962
1153,Adam3,0.03300046920776367,1.0183382034301758
1154,Adam3,0.03200244903564453,0.9881479144096375
1155,Adam3,0.03400135040283203,0.9028849601745605
1156,Adam3,0.03199934959411621,0.959550678730011
1157,Adam3,0.03299975395202637,1.0115383863449097
1158,Adam3,0.03500247001647949,1.0074231624603271
1159,Adam3,0.03399825096130371,0.7437678575515747
1160,Adam3,0.03399991989135742,0.942014753818512
1161,Adam3,0.03399991989135742,0.9685847163200378
1162,Adam3,0.03300070762634277,0.9297215342521667
1163,Adam3,0.03299999237060547,1.013466477394104
1164,Adam3,0.03300023078918457,1.0265212059020996
1165,Adam3,0.03300046920776367,0.8512445092201233
1166,Adam3,0.03200030326843262,0.859380841255188
1167,Adam3,0.032000064849853516,1.0345454216003418
1168,Adam3,0.031999826431274414,1.0497604608535767
1169,Adam3,0.03200030326843262,0.8662363886833191
1170,Adam3,0.03300333023071289,0.9187602996826172
1171,Adam3,0.03299832344055176,0.9435539841651917
1172,Adam3,0.03199934959411621,0.7499495148658752
1173,Adam3,0.03200054168701172,0.948276698589325
1174,Adam3,0.03500080108642578,0.92574542760849
1175,Adam3,0.03199958801269531,0.9336172342300415
1176,Adam3,0.03299975395202637,0.7619476318359375
1177,Adam3,0.03199887275695801,0.807600200176239
1178,Adam3,0.031000852584838867,0.9533708095550537
1179,Adam3,0.03099966049194336,0.9213899374008179
1180,Adam3,0.03199934959411621,0.9075347781181335
1181,Adam3,0.03200054168701172,0.9964017271995544
1182,Adam3,0.033000946044921875,0.9214013814926147
1183,Adam3,0.034000396728515625,0.8348981142044067
1184,Adam3,0.03299903869628906,0.9138457179069519
1185,Adam3,0.03200030326843262,0.9666721224784851
1186,Adam3,0.03299975395202637,0.8742460608482361
1187,Adam3,0.03199958801269531,1.0159873962402344
1188,Adam3,0.03400015830993652,0.9823258519172668
1189,Adam3,0.03299975395202637,0.8585567474365234
1190,Adam3,0.03399968147277832,1.0192983150482178
1191,Adam3,0.03200078010559082,1.0327991247177124
1192,Adam3,0.03299999237060547,0.9382203221321106
1193,Adam3,0.03199911117553711,1.067575454711914
1194,Adam3,0.03200030326843262,1.044435977935791
1195,Adam3,0.032000064849853516,0.9112222194671631
1196,Adam3,0.032999277114868164,0.9364502429962158
1197,Adam3,0.03200030326843262,0.8086472749710083
1198,Adam3,0.03399944305419922,0.7264513373374939
1199,Adam3,0.03299999237060547,0.8856669664382935
